,Stock_A,Stock_B,Stock_C,Stock_D,Stock_E
2022-01-03,0.010434283060224654,-0.002265286023423693,0.01345377076201385,0.03096059712816051,-0.00418306749446672
2022-01-04,-0.004182739138983611,0.03208425631014783,0.015848694583058175,-0.008889487718699043,0.011351200871719294
2022-01-05,-0.008768353856249245,-0.008814595071405137,0.005339245431320682,-0.03776560489315596,-0.03399835665026066
2022-01-06,-0.010745750584819453,-0.019756622406688476,0.0067849466519054775,-0.01766048151042422,-0.02774607402670583
2022-01-07,0.029812975378431084,-0.004015526009730713,0.0018505640937584767,-0.027994963724269135,-0.010387654490503653
2022-01-10,0.002718451794197322,-0.022519871548446056,0.00801396036691344,-0.0115127737983761,-0.0053338749958655365
2022-01-11,-0.011534132244587937,0.03754556369017876,0.0002300555052413216,-0.020654218579118006,0.01695089824206378
2022-01-12,-0.023916872999420444,0.004677271900095108,-0.038693402477595513,-0.02606372097796861,0.004437224717382471
2022-01-13,0.015269331599908209,0.00392736562379941,-0.0018129656477648107,-0.005522073911785776,-0.02907043980734855
2022-01-14,-0.013896884167894172,-0.00871277541919575,0.021642444524378315,0.007372365791369228,-0.03476080310725468
2022-01-17,0.0069816793878959005,-0.007201645608326332,-0.013038440006119175,0.012733525776817358,0.02111999044991902
2022-01-18,0.019125602382323973,-0.01628435046445277,-0.005684247517024291,0.00712526862807128,0.020010902542447185
2022-01-19,-0.0090834847569058,-0.0032131795332763424,-0.021626699480120564,-0.023424132481613416,0.016750516447883963
2022-01-20,0.02762480057141646,-0.0009402024316066771,0.020570657957840483,0.007732720500952682,-0.012402395092102485
2022-01-21,0.007727912110168279,0.031260731329319384,-0.0002165207821990308,0.031792873116280124,-0.05189490208179489
2022-01-24,0.01693805008750448,0.0022409413647634245,-0.00548014700931735,0.002335215530710046,-0.03925137829201786
2022-01-25,-0.003893437756750239,0.0076422514302349285,0.030057880894830323,-0.009865404365472948,-0.015669872057863753
2022-01-26,-0.009535140871690731,0.018808042354041484,0.007075022193193689,-0.010095204075340775,0.010765348662267122
2022-01-27,0.002441550986960808,0.019872899810657787,-0.013541061877547047,-0.006053242931955364,-0.007342163062643152
2022-01-28,-0.028770298962642372,0.006422405541291521,0.005721105443597786,0.0006022691328492178,-0.004191742667502938
2022-01-31,-0.027807414841008286,-0.00791290645530718,-0.006354290330535389,-0.01554554538443238,-0.002725714233320183
2022-02-01,0.008581017136290768,0.0382237180242106,0.00399155625663678,0.0056510078144552875,-0.0009889183153233443
2022-02-02,-0.03787542430598083,-3.0277508984337528e-05,0.0017046041988205288,0.049764842249705725,-0.0033472192956224504
2022-02-03,0.006530946846672249,-0.0001942353941048662,-0.02287356075239064,0.023356456290300413,0.015538660653735483
2022-02-04,0.01632063894086094,-0.017687749095894777,0.028555886218721984,-0.027537021255845617,0.012237141876005407
2022-02-07,0.044309112516199574,-0.019310726502613767,-0.010825954592055438,0.0024930273017528246,-0.009569513082323984
2022-02-08,-0.030513268621322653,0.0018712594961205467,-0.0207460742745221,0.009971848612703633,-0.017888484684676062
2022-02-09,0.03149868810035079,-0.01516506584672474,-0.0059412303241135125,0.016770344347393395,-0.024117286328679103
2022-02-10,0.005049198692082589,0.026642855085648565,-0.03164966469122455,0.004192677170646085,0.005697655884968471
2022-02-11,0.016136457435546207,-0.02423901421756164,-0.025909132261685525,0.010938831312337954,0.0064396934646637205
2022-02-14,0.005509857006917531,0.0074289641899395135,-0.013100494431569815,0.0051450739432200715,0.006361449465973626
2022-02-15,-0.013787028360527356,0.03781549022289513,0.009976658418235751,-0.023326069944052973,0.013631072172676595
2022-02-16,-0.01899363340454643,0.016241692074849042,0.023671911580148083,-0.01591364636703421,0.019767522584886437
2022-02-17,0.008755618538729967,0.0169412031998898,0.03843585965307895,-0.00440776232005741,-0.014574723287149791
2022-02-18,-0.017290288592510465,-0.015816205699308767,-0.001042034188282084,0.0073230394963328775,0.006033815986600381
2022-02-21,0.017043664980720477,0.0007600378375581403,0.02957068154314634,-0.004793136664759121,0.05490338333179238
2022-02-22,0.013013346955300126,-0.01664315112832565,-0.020917849961222246,0.010149448304863707,-0.003969255706517018
2022-02-23,0.014780009881841841,0.009964752491470897,-0.0009565782531374555,-0.016435874361368098,-0.02979694449371729
2022-02-24,-0.008430299041340421,0.017627975886469447,0.0047818748826040786,-0.02441477557423976,0.0039636185170236395
2022-02-25,0.008206347594576736,-0.01717714872402266,0.0035745021189105583,0.0016641743689199979,-0.02235940595661246
2022-02-28,0.007655747206965666,0.01171569052736469,0.022161024863505543,0.02157604104069806,-0.027053387359141822
2022-03-01,-0.018256500798302457,0.010800705344173196,0.010775719018244177,0.010800953726120959,0.07755462981309443
2022-03-02,0.011917810213863341,0.02321131280361198,0.019580035269864047,0.01352782502611596,-0.005805384892806912
2022-03-03,0.015679384409865348,-0.014956504290751436,-0.004236372134800178,-0.009207270956582069,0.0021374827877264514
2022-03-04,0.04679317133347018,-0.03684530385183496,0.01422520380749027,-0.03175431742379303,-0.008938637315788669
2022-03-07,0.022279011939347323,0.0017856003819092553,-0.021054895558586122,-0.013806074185199364,0.014091954978693517
2022-03-08,-0.014107332634342733,0.004829171791639497,0.0014114367980762757,-0.012532006952116342,0.043378881786506514
2022-03-09,0.013178380446360225,-0.04000285173315214,0.004229086295388553,-0.01273572929536776,0.01754866669592448
2022-03-10,-0.015350414768654012,-0.0017947288293379804,0.010599745579609144,0.01781510388340243,-0.023505928141115524
2022-03-11,-0.006190024716818968,-0.008998906223219123,-0.012566584651474238,0.03580908480562194,0.008599634219219112
2022-03-14,-0.024717679086700903,0.018857238941095523,0.04294312394025267,0.02114930521102294,-0.029887399319080268
2022-03-15,-0.009184681457325027,0.025838222983732454,-0.013653389312375615,0.00937638856292457,0.015992681068586735
2022-03-16,-0.01803860943156166,-0.0006905071212360016,-0.06432534680138145,-0.019987752826685797,-0.004551363027863206
2022-03-17,-0.02445566363929699,0.03314822607863271,-0.028102827559212652,-0.008300889733939675,0.003114811545721827
2022-03-18,0.02932546578132231,-0.028217243023588787,0.02376327504309919,0.000704661220391741,-0.01913017302095902
2022-03-21,0.009742069485265415,0.004481193911469401,-0.011504337543175893,0.0018960416998003782,-0.007206271937235205
2022-03-22,0.0027703469050249607,0.013742613490420934,0.032220336322907044,-0.02425630997653698,0.04316066749312533
2022-03-23,-0.03854175599045004,-0.0025357019007116667,0.012266344129691532,0.006119837354700654,-0.011953990396411875
2022-03-24,-0.0036624450071455045,-0.009360018693176656,-0.01128729513888423,0.017492041940420495,0.007640309719300947
2022-03-25,-0.013358191905213083,0.018491997508665016,0.006645990417532187,0.016757242376779204,0.013092576838472245
2022-03-28,-0.016079900218441447,-0.010703620803939391,0.015445872102465237,0.012707405308669298,8.196812071703736e-05
2022-03-29,0.00284654766617564,0.0260532979157685,-0.011331427776716599,0.011441947623400759,-0.003543853048677881
2022-03-30,-0.0038536240645444058,0.022475537039743802,0.017008326979760596,0.01677019272001277,0.026609576143086584
2022-03-31,0.0009200768326551811,0.014139059425899278,-0.00570533513186912,0.006983327049768843,-0.0021028610873536917
2022-04-01,0.002439919299854364,0.012403140508738274,-0.01586441366466945,0.042347745513709206,-0.01962034762999404
2022-04-04,-0.023783772255754645,0.023662217470001357,0.016333253879258717,0.012982396341043104,0.013066910185285599
2022-04-05,0.0002550645430617075,-0.017445087429716632,0.002016091163874527,-0.013043234230242234,0.020002394668355024
2022-04-06,-0.002441147630042773,-0.01600994393585023,-0.005927716833059869,0.008758629085512486,-0.010774491056079494
2022-04-07,-0.015944407911328628,0.005373744229838245,0.005399331422174455,-0.009638863507422595,-0.008920766112366455
2022-04-08,0.005140998747152726,-0.028461686829946483,-0.027649275487531103,-0.01386888442504872,-0.0037689430342369447
2022-04-11,0.006718151311960092,0.03000712433899104,0.017653192464040388,-0.0026987705992685424,0.00011967584194622337
2022-04-12,-0.019550587292756178,0.0001297372801522014,-0.005273172778402767,0.006954371206761789,-0.01604461887104646
2022-04-13,0.010886930284823446,0.031154778260051554,-0.0016752029691371518,0.00853423444197883,0.014302879834222251
2022-04-14,-0.007524409437716725,0.004981849636208336,0.0007518480156358971,0.0024535219709766343,-0.01496019567710933
2022-04-15,0.0009902034851788544,0.010459965824908995,0.029522872155900836,0.01968541652170414,0.04356364915023113
2022-04-18,-0.01484695125776099,0.017946412734413563,0.004166840114767035,0.044296058664353447,-0.01566596570710303
2022-04-19,-0.01629443684361552,-0.011487852908880443,-0.04197791448619614,-0.01001510043361522,-0.014682653231073959
2022-04-20,0.0035078757295241526,0.007335119515543189,0.038023416784317726,0.019508476763721007,-0.011038073113248061
2022-04-21,-0.01746829342696716,0.010338383430130115,-0.025904664140412842,0.03712917531708708,0.02408880241442574
2022-04-22,-0.008883513042094096,-0.03376269058181755,0.02757744748330826,-0.0017907969050523576,0.025256326239469235
2022-04-25,-0.03138855317588734,-0.011487500459075458,0.0006048739943636634,0.001439611875294841,-0.008501309429584873
2022-04-26,0.012956998646949975,-0.02085240858765189,-0.00234758970042587,0.0029059126342379773,0.010788776681174981
2022-04-27,0.014732297561777796,-0.021992841836757385,-0.030182283414712446,0.026053536437970183,0.007146280239591834
2022-04-28,-0.014469730731131072,0.031523039510450455,0.0028134926858571735,0.02408594368127653,0.001850369628202179
2022-04-29,0.041714958497639745,0.03560681684886409,-0.00447928296958147,0.01993141901908711,0.013407518991702951
2022-05-02,0.027872631150646976,-0.018798469211602088,0.014221029199968788,0.021668489736991755,-0.03467478972846229
2022-05-03,-0.023165170253315503,-0.04028464355520201,-0.0048881366888911554,0.014850845115919248,0.030547141041920564
2022-05-04,0.0019818956083955037,0.03307231091142584,-0.02710202916429783,-0.033567648787103097,-0.0006109539779323755
2022-05-05,0.008181308978786146,-0.00015389496188186226,-0.04084884200079753,-0.001282400790255768,-0.025589390010097066
2022-05-06,0.01389345097660077,0.007831964921936966,-0.018297595726547104,-0.00977733834673387,-0.020684270437779033
2022-05-09,-0.0007535819454634375,0.019602846410024768,-0.019214520926710874,0.010580930310356888,-0.010105152367448815
2022-05-10,-0.015357456645246882,-0.0016406071990911564,-0.020204846448387482,-0.010572986106943641,-0.02345755785177697
2022-05-11,0.039794502658327784,0.0012052710394345723,-0.013494510159851711,0.00477959821468444,-0.0017465609938165966
2022-05-12,-0.00391939199066446,0.012783334000868505,0.015650154200946103,-0.01011002295221055,-0.0110163648128936
2022-05-13,-0.005001033943032881,-0.045538423294711694,-0.029803821243971046,0.027837485348890495,0.033399354270025675
2022-05-16,-0.004480720791127567,0.012031139261115329,0.006725003090870723,0.06207761616910475,0.022891498228691538
2022-05-17,-0.002058351829615331,-0.018610808812008516,-0.03162892640515145,0.004569272717344463,-0.014627014905686067
2022-05-18,-0.027945074191953485,-0.01243145768485053,-0.0211309600722879,0.034242832701451294,0.01813279513898901
2022-05-19,0.0003405471736676526,0.03009888277780052,0.002047366152952366,-0.016725684026565272,0.030962481545393147
2022-05-20,0.011278200873693174,-0.02024492308652913,-0.003306773561672164,-0.017012365067695143,-0.027155994619286722
2022-05-23,0.01902355095063283,0.03868833280940261,-0.027471351476382824,0.011759384733811417,-0.01251285138243654
2022-05-24,-0.00924250767529392,-0.011347878484777384,-0.016779815393596322,0.00147043255889654,-0.016119002328220756
2022-05-25,0.005909136515596776,-0.0005047621889827391,-0.004278960937328194,-0.017651273240831957,-0.011035426611366654
2022-05-26,0.015607824516515122,0.010518343752487615,-0.019051104895971022,0.0024866461085845176,0.015527742467435782
2022-05-27,-0.03288810562242744,0.011367203847598702,-0.012752475178916934,0.011911973371863187,-0.014765183130850337
2022-05-30,-0.03559764201329038,-0.03205084875766325,0.00146169893322764,0.005694450034429638,-0.017586332502088173
2022-05-31,0.01327184917554748,-0.032730401245379195,-0.0008215959729463314,-0.023720323995249135,-0.012536722156043184
2022-06-01,0.0014479734263282804,-0.016708267305679047,-0.007191110884596508,0.02062585618428881,-0.011037837390462974
2022-06-02,0.01721384224130284,-0.02209413709315236,0.011096083558305657,0.02933137241315801,-0.04893289000254579
2022-06-03,-0.015437905109409535,0.012041442543610802,-0.0035609077208598535,0.007922917467426177,-0.011579703734316412
2022-06-06,0.0022317957494579982,-0.00261354470784159,0.023855641233196147,0.005588416866024263,0.007252053241504044
2022-06-07,-0.007737539322449347,-0.00925212448144987,-0.008151163756392419,0.008389042847565937,-0.007919689616405259
2022-06-08,0.006295497137928258,0.04200801597290878,0.01792249406863385,-0.006020470643356823,0.024524278443278896
2022-06-09,-0.007661507460431028,-0.04026249070355708,-0.01966172621834808,-0.036915838420517114,-0.006530269680826173
2022-06-10,0.0008683675837910341,0.034028746245505656,0.007038547475283253,-0.003882010576177285,0.017088111623669786
2022-06-13,-0.0437227061801577,0.005212291162171319,0.015917303877739337,-0.02907172491559683,0.023375080864138583
2022-06-14,0.0072699281498882825,-0.007805758278016025,0.013155637322125697,0.045913857156087916,0.004137325101169903
2022-06-15,0.005464411726006722,-0.008687217990804881,-0.016496887389295837,0.017106716330884914,-0.016621676518177343
2022-06-16,0.0019313247443878494,-0.009053148935302333,0.010079596514927838,0.007173242105738966,0.021250798885157986
2022-06-17,-0.00970032797709494,-0.004897498705867425,-0.019075274315646148,-0.008385865201522232,0.008046009860897044
2022-06-20,0.01563977233290704,-0.01794330648355251,0.017892118402113206,0.02761275717609902,0.008768698064474018
2022-06-21,0.03803591625116132,-0.01497578398207146,-0.02439309406622834,-0.035074404978085574,0.030420886229783662
2022-06-22,0.013587313127081155,-0.0006116934182091014,0.006099372526396406,-0.02200978094596753,0.04941503959233653
2022-06-23,0.00308442363950455,0.002687895892097858,0.01501533247797384,0.010120184634734266,0.004977680485582628
2022-06-24,-0.015309489108906237,0.009929367142719915,0.03814048992950068,0.027408400923099555,0.032363732532787945
2022-06-27,-0.009724313528623702,-0.019292096405171617,-0.0020157384019929628,0.0016144982457738921,0.02238383036941897
2022-06-28,-0.033349292594296386,0.031091006389212274,-0.0026601579715797886,-0.0080376213989484,-0.01974208750520335
2022-06-29,-0.032597133437315386,0.016963411679238292,0.001966359343768078,-0.02529921799482108,-0.025401575441272323
2022-06-30,-0.006215693985802564,0.03388043050578786,-0.004691827027272095,-0.029562859062362123,-0.004414861281718887
2022-07-01,-0.0049544713949534105,-0.05343773285883143,-0.0005858973303562443,-0.00411869060417356,0.014424127296268368
2022-07-04,0.037479121898906904,0.023031300590955147,-0.004877773811096612,-0.021630518174833406,0.05196719606499721
2022-07-05,0.0016843686802897652,0.0007785858382589241,1.7498257799934463e-05,0.004461695215357098,-0.0023872082384788496
2022-07-06,-0.010973240137604725,-0.010437178824807842,-0.00015506540431996772,-0.0103684954226753,-0.013756915653543287
2022-07-07,0.0026286045538379365,-0.004599544348417105,0.030579859771653773,-0.05251939616786024,0.022330137038449237
2022-07-08,0.02542170384995258,-0.04096780464816299,-0.006353751881606976,-0.0069288173199158285,-0.027650233894356425
2022-07-11,-0.015056333751817506,-0.021711516909316577,0.035545408868472454,0.019213567862949223,0.025931101899883176
2022-07-12,0.014933441280864703,-0.022081035424344583,-0.009990405325595473,0.010287491224558363,-0.023942556177838907
2022-07-13,0.014759968603447762,-0.0043065079631627,-0.00699641615099195,0.01471919936406983,0.009385266229720796
2022-07-14,-0.006719323316381599,0.023686596067284963,-0.021121266551997947,0.012818712138885276,0.012362025159367676
2022-07-15,-0.0056909287862798065,0.007022660444842359,-0.024522271527706058,0.01898054038413802,-0.0031980427288597806
2022-07-18,-0.00995446041038079,0.021480184516737787,-0.013586873810855184,-0.027669225927271193,-0.030632583470478075
2022-07-19,0.012620199026912794,-0.025108587049925662,0.03559588363968729,-0.04113858815767444,0.03442912736580077
2022-07-20,0.004720349344052369,-0.0014342622374078479,-0.010398381736178994,0.008482722287041418,-0.0002526940484969673
2022-07-21,0.02256603764033043,0.002784552973240793,0.003506035229237552,-0.006772244244277118,-0.0006389124744213492
2022-07-22,0.006656035377841183,-0.033703367853132514,-0.02646370844211426,0.015365281880454301,0.003917308762558837
2022-07-25,-0.0031796667270535825,0.0008686786613078632,0.0074516341072334204,-0.01029519360618723,-0.015066094508046253
2022-07-26,0.004416905101953632,-0.01906745555230064,0.008665055114289437,-0.03355167208475681,0.021083112746512873
2022-07-27,0.009951949648260862,0.005620594686277514,0.02015381967891028,0.03380948888925153,0.02078740130036261
2022-07-28,-0.03631748462663291,-0.02509153933471403,-0.011996371553913577,0.0010218210042166756,0.01085318040938246
2022-07-29,-0.014014876263069312,0.004235335289541567,-0.014607658647066452,-0.011730356059838964,-0.027633221936964446
2022-08-01,-0.017964664922218085,-0.026533692112326673,-0.019017465059546653,0.02157283593215679,-0.01848797777663886
2022-08-02,0.053147641296747816,0.010366358017617785,0.0041967224738974785,-0.01666715560362427,0.014506197588179828
2022-08-03,-0.011012756524755479,0.002940196292907229,0.051701690765375896,-0.0014211979944929974,0.023485466525713518
2022-08-04,-0.013563528502517748,-0.00019976980993923399,0.0359160127127102,-0.012039341155755348,0.036748971159938575
2022-08-05,0.01465503870910951,-0.010749335517885353,0.01314815478111042,0.0199510889925346,0.01293619924434393
2022-08-08,-0.03090449439780913,-0.01404274351649737,-0.004450372711030095,-0.0009886685820009258,0.01291344195101356
2022-08-09,0.004054020018665077,-0.026206887174202026,0.008103957020119264,0.012711714905676463,0.011695808958620798
2022-08-10,0.022115614511092438,0.01717844309097808,0.009683601584568734,-0.0009033142291729405,-0.03271921867031983
2022-08-11,0.009092364382651718,0.004653753743262223,0.0059315767439074695,-0.025034971516406188,-0.02112113080816525
2022-08-12,0.02156305706665807,-0.0002911030771331008,0.014130013947452488,0.0010663675226092236,0.001095122789914904
2022-08-15,0.019265676119519955,-0.009820894564347479,0.0024224155388196675,-0.00874550577410085,-0.008189924548646312
2022-08-16,-0.0056834424693727875,0.004942675432674256,-0.009074972433269546,0.025615122511470415,-0.01739214604439008
2022-08-17,-0.003237432883227181,-0.008294621165483499,0.02943955768707466,0.004431095530231492,0.021136890789372698
2022-08-18,-0.02921120746073944,0.005841005317385177,0.01829261591246874,0.002145679785508484,0.021809607501307025
2022-08-19,-0.009845769002007444,0.028686948803711598,0.046477962472385004,-0.006756771208793181,-0.008410050428015436
2022-08-22,0.02956768954235402,0.03209144291461425,-0.009957200543065366,-0.007903736341917145,-0.005135692177210145
2022-08-23,-0.02638901022068554,-0.017873038929683966,-0.019582815335041356,-0.014855951302082568,-0.00019369774773562358
2022-08-24,0.005184294650730415,0.03151000985628154,-0.01946708081477582,0.020186447969531677,-0.0037797768845101794
2022-08-25,-0.0004892741930486589,0.013996389843332076,-0.02195444043124597,0.008148194923681013,0.003829044164261122
2022-08-26,0.010349025280162983,0.0062833728781563625,0.049606002798217884,-0.012254799685026319,-0.010119939100036352
2022-08-29,-0.011962810528495287,-0.010609542383205092,-0.012247742546130353,0.02428033062215104,0.0289100849597971
2022-08-30,-0.010914925874989526,-0.016147111462084574,0.009928311127728082,-0.010544460885619425,0.013158636355110217
2022-08-31,0.004558460417025994,-0.02981488229994464,0.031450104026601235,0.03641755346191044,-0.011755773809687724
2022-09-01,-0.007254031198719682,0.006217307814498099,0.0071891357997405005,0.01367088545345661,0.040704090775326995
2022-09-02,-0.003038944549880988,-0.015465944890769075,-0.027086384560290545,-0.014118600798838381,-0.00016253945747594185
2022-09-05,0.03639115727035575,-0.009852225980723429,0.004975759032777969,0.00017154207854495852,0.02426786546896168
2022-09-06,0.05103864851747243,-0.010117375458406413,-0.009288788850364443,0.021383217541381443,0.01413782979252623
2022-09-07,0.03743414651472067,0.012178563706519279,-0.006685841815741191,0.012313096613846186,0.022674071611658155
2022-09-08,0.01690964362394728,0.010645480622145955,0.02183349379178308,0.023885911808913456,0.028143179820750545
2022-09-09,0.013474197751792854,-0.002842361606337087,0.003434273728666457,0.02463017933016714,-0.015838713419744722
2022-09-12,0.007873466177458023,-0.007366776246547213,0.0010748964586963497,0.026069037252145974,0.004321981360398066
2022-09-13,0.0014287309631229764,-0.026697122819598386,0.015425071320544414,0.013409683622821508,0.043765094466109204
2022-09-14,-0.0056555646990600165,0.004883006553278779,0.005487673674215106,0.03204906559526949,-0.0014059106477390419
2022-09-15,0.0060804305154067845,0.012657930194330785,0.004232182463127163,-0.008428672291010565,0.004381799857966152
2022-09-16,0.021972634997195442,-0.020030305988221205,0.0031593934829375198,-0.013502416298783465,0.02440093257849685
2022-09-19,-0.029963738095675495,-0.010678436945431767,0.008044237501290418,0.03181048058468681,-0.0008150052214597561
2022-09-20,-0.010603990533863968,0.0381231413888118,-0.02846027800832488,-0.04347611913240164,0.009300289001066648
2022-09-21,-0.009541084487052223,-0.019924656342614266,0.014667128945987068,0.005376014275423977,-0.010781572614734567
2022-09-22,-0.025106087973417887,0.017949146565602894,0.01350402355917322,-0.0014835172755876583,0.03743273992095332
2022-09-23,-0.020901695326523053,-0.030010503418494778,-0.013338161397624889,-0.00041172032710995606,0.005366788986453836
2022-09-26,-0.004324721157126598,0.007541107930285937,-0.02453078848380888,0.02937529208146519,-0.0011430235678513761
2022-09-27,0.022845916631762553,0.007354506927554082,0.00963506438307568,0.01189534560464408,0.0094541712003463
2022-09-28,0.013354455197350878,0.02708305060264863,0.004430423394029402,0.014680075151770246,-0.0012947138857445344
2022-09-29,0.029302344308989457,-0.013027846041185395,0.036518808658216315,-0.0003031590128868682,-0.028115502042360963
2022-09-30,0.0030620882982157855,-0.013121033149497616,0.01731287097977448,-0.012552479586047818,-0.008423668664295595
2022-10-03,-0.03729081461891062,-0.008546126384981534,-0.047977586532579136,-0.031178056469714464,0.015708293122885946
2022-10-04,0.016216003173016646,0.009009151235699295,-0.01883952286258426,-0.0004542271228395971,0.00042794921818863193
2022-10-05,-0.022667293783850854,0.030567966035343012,0.01804724581151343,-0.00391928347659328,0.0010377167798906156
2022-10-06,0.004667656158951049,-0.040334697368485814,-0.004443547650411939,-0.013139684959955971,-0.01953240019789831
2022-10-07,-0.005122005857719098,0.036453730536990456,0.013316857225340198,-0.010923579795655936,0.011951655627123173
2022-10-10,0.028487108731720043,0.01899267365825538,0.0016926073984034826,-0.012438735554111478,0.0144644662722718
2022-10-11,0.008369707708434992,0.018403864400554647,0.01320343603363939,0.021491054306386703,-0.01020470423121136
2022-10-12,0.026847881312686516,0.004451992093847994,0.04200521745250531,-0.013283756361791356,0.03521927606330499
2022-10-13,0.004458215669252957,-0.012528360072288967,-0.009177716681086431,-0.005906946163886404,0.008983318928038329
2022-10-14,0.010956709760709994,-0.01097400007877158,1.290815478034317e-05,0.043345407172237276,0.03505086340201423
2022-10-17,0.009226473393480643,0.0012600695633640058,0.002900626534365226,0.012770359454608334,-0.01995585130396811
2022-10-18,-0.004647530748466902,-0.03287168147755179,0.008484462452105586,0.013443918794054821,-0.00916372924598748
2022-10-19,0.031979735265800655,-0.024015313260046824,-0.028787497604196403,0.0049890363711994415,0.02144196605224309
2022-10-20,0.034178553829157375,-0.0086776852573788,0.022073616668625912,-0.00027016939001414414,-0.0029525459988163924
2022-10-21,0.018173198749733447,0.013546457568268394,-0.031027843139684985,0.030030806994517916,0.028101827082949032
2022-10-24,-0.012011254030190589,0.008416070668748181,0.010380603725654776,0.005713475316478143,-0.010506103076908403
2022-10-25,-0.012932467358761031,-1.1081419828905606e-05,0.023954580385187295,0.011372003091888648,-0.006912286641722118
2022-10-26,0.015933974212966894,-0.05647085241260151,0.02347531400744207,-0.03429427557556199,-0.006748818828062643
2022-10-27,-0.021893397892522877,-0.025393629514418117,0.023716535747570388,-0.008854024026237826,0.007430077634614316
2022-10-28,-0.0004384115775836814,0.01004081654446243,0.0020364378212051073,-0.02515984448377139,0.0204253363889428
2022-10-31,-0.00937513166322625,-0.03063163797319502,-0.00806230321931825,0.03051519581268622,0.017504434842269857
2022-11-01,-0.006473042688157184,-0.006485154086368575,-0.005932701024347653,0.04203495967121682,0.008138709044631067
2022-11-02,0.009100832943821394,0.021105669080636845,0.0052757831805302705,-0.004680842916414062,-0.0034269969816995657
2022-11-03,-0.000932025188281279,-0.00024444473019683184,0.015052590872739597,0.0015389177161459888,0.015152801544311586
2022-11-04,-0.0011143316021716464,0.002072703806321812,-0.039464013690642154,0.01882655349404963,0.007429769517959855
2022-11-07,0.020460202197193047,-0.057425107563873784,0.042267494095614554,-0.0022917925631034753,0.022663656334750332
2022-11-08,-0.020298118542510617,0.012755478101251395,-0.020568311263473124,-0.011975379213916101,0.038780627077335726
2022-11-09,-0.0033136480152669316,0.004848657463594457,0.017901354613775084,0.010413637759452093,0.0035083781028715285
2022-11-10,0.007799220049324509,0.0485683117047655,-0.0006523759406717078,0.00452198093429935,0.021513087920152243
2022-11-11,0.022610518659159678,0.024240606111207604,0.013274604440583693,-0.022360098254609672,0.03316863064602192
2022-11-14,-0.02242690786037376,0.0065527093047806646,-0.014585517000387158,-0.0007827669318598508,0.0070752482060696086
2022-11-15,0.0069271443090054615,0.008938415084705695,0.032774225381172944,0.009570686030279597,-0.004383132705812974
2022-11-16,0.019781743365767147,0.024289409778492813,-0.02405215630273985,0.012448001396997161,0.014523454846217967
2022-11-17,-0.005451270067199839,0.028014136266232392,-0.0025011117406505347,0.003011529069430845,-0.0029614364856773924
2022-11-18,0.0008115809516293507,-0.021425501737904036,-0.028301017651885887,0.03239010126449945,-0.016439226966366557
2022-11-21,-0.019327846989126145,-0.042567802272074295,-0.012279234953790043,-0.025961795868149968,0.033340303202727385
2022-11-22,0.020696341786852684,-0.013263006903554475,0.045548716106886177,0.020135309739831887,-0.00599662767017245
2022-11-23,-0.049488114297471464,0.04631885145181484,-0.02729144933527192,-0.032407974939137836,0.020951408640192806
2022-11-24,0.04929504812678546,0.028185456370210363,0.011778182401047192,0.01239508683330572,0.017568311175606154
2022-11-25,0.015678571795735303,0.006123828479387515,0.0025840220790375214,-0.0007518625579904482,-0.014579291777333525
2022-11-28,-0.005113501537335481,-0.03335913628390771,-0.0014667925358949978,-0.019271822143018348,-0.02157178634431542
2022-11-29,0.004097883023069569,0.02834004572689199,0.01886633212004626,-0.030910012072463543,-0.01929256273140675
2022-11-30,0.01931542375976432,-0.019149747870766193,-0.0039926629999404925,0.011501041980491037,-0.018866889097272705
2022-12-01,0.002607510122919198,-0.02618050989836409,-0.011527352879024273,0.00689563868285074,-0.031359874670633385
2022-12-02,0.009309494759207981,0.0001072440214663757,0.011549799088342956,0.004978282681293229,0.027782808599476884
2022-12-05,0.0030044900529581455,-0.00808811082250506,0.0029459500606456757,0.011365960580727759,0.0014772014065140865
2022-12-06,0.0013118338240776478,-0.013539833756135107,-0.012758018351018963,-0.02755210543599387,0.03549153486373879
2022-12-07,-0.0243772647078257,-0.013358103955918146,-0.013868145311383948,0.018398487538888827,-0.005398993565840556
2022-12-08,0.025454841453474677,-0.01296981248487737,0.00607988324447604,-0.016206941065195147,0.04340298255546777
2022-12-09,-0.023251968380590255,0.006696414204540551,0.01317553761864197,0.008775981949029964,-0.003205753177554166
2022-12-12,-0.0020964139946685234,0.001376229439582192,-0.0024400400325697725,0.019777582335898193,0.04471046003182703
2022-12-13,-0.010649835700156672,-0.026896059591581558,-0.0012656409670250965,0.05209418675308637,-0.015573491359394617
2022-12-14,0.03328233610888135,0.034054016281528814,-0.010571764834159891,0.011879661583705507,0.03306793246257076
2022-12-15,-0.007082554819749742,-0.0035716072020472354,-0.011133618278972874,-0.01979513461385734,-0.012485550901320142
2022-12-16,-0.02397880533524513,0.0011816693651845213,-0.014899464621172837,0.005175718235814954,-0.030617912924072545
2022-12-19,0.007117604644289141,0.017170579232178493,-0.03937471285142911,0.007981131396951443,0.025053379849465846
2022-12-20,-0.02369282037382411,0.03395144773675407,0.008880380187320904,-0.013600237115168176,-0.0006153815531541201
2022-12-21,0.011666538250434448,0.00202010782824823,0.011275119848927385,-0.017913471861587326,0.00388721648072156
2022-12-22,-0.027774289938099606,-0.0017245212269740066,-0.017578152829295795,-0.014210598851795332,0.02522186350420875
2022-12-23,0.02232620241188538,0.01268276241814354,-0.02134625529345158,-0.005828168993896038,0.02476195399958367
2022-12-26,0.003334338272798095,0.046886590799633886,0.008366356787887438,0.004340982329800631,-0.005682329284050028
2022-12-27,0.003170818095645646,-0.002549396727610878,0.01466217353377181,0.01963404633589168,-0.015219789210158988
2022-12-28,-0.026124659071155562,-0.03622410746206593,0.010659826538250873,-0.021567332123477473,-0.04255781185904966
2022-12-29,0.008271572090619283,0.05035999034865581,0.00037858176920213353,0.01726981548903284,0.0021365871709513005
2022-12-30,-0.0014777930638228535,0.018881529659755373,-0.0053054908837730265,0.005847846281438059,0.006933956123920273
2023-01-02,-0.012861809072860974,0.02034084699073046,-0.002999195133908173,-0.014614903189856894,0.011230196871408072
2023-01-03,-0.017469359635820744,0.001063623147382565,0.00031762006711592915,0.02221791131663156,0.009993964657599056
2023-01-04,-5.391749028783432e-07,0.016855325984005742,0.02830415098034627,0.011656206127037246,0.0007070523968676121
2023-01-05,-0.02573672464700319,-0.02080227326150745,-0.005604494087093353,-0.011690244043185662,-0.00323942605970892
2023-01-06,0.0016329984979421433,0.011093855087134617,-0.0009099755611818243,0.010230032876524039,0.001789488296202405
2023-01-09,-0.03900933132707743,-0.018286707876375086,-0.002381751114432309,-0.02369389485682215,0.012498574599924091
2023-01-10,0.03111501664687395,0.024875237033946333,-0.00376885741860416,0.03031452273699904,0.003473349144042231
2023-01-11,-0.006241719422360787,-0.011768053270818795,-0.005549393729762566,-0.007263536370824575,0.003908324447509754
2023-01-12,0.003711479620997292,0.0005609204030682894,0.009238763394926998,0.024312925495726827,0.019491082708826477
2023-01-13,-0.02919795936899807,-0.0505784226980391,0.019186398224785475,-0.026837573968308423,-0.003995308037853671
2023-01-16,-0.02290226052118719,-0.03553960875160039,0.011329254564095762,0.015683103206052935,-0.011030208014534389
2023-01-17,-0.0513208458428982,-0.010424888965049655,0.00833608010805093,-0.029078231375482575,0.004167198395583113
2023-01-18,0.00019380301654008884,0.012085829992021768,0.002891607368283065,-0.01896137881763111,0.024431430033289826
2023-01-19,-0.0026705914605394004,-4.609079019863725e-05,-0.01816535918146392,-0.008365645023830207,-0.01719605428053802
2023-01-20,-0.0029589211984684598,0.03473416960284687,-0.026938022858627127,-0.03177122795753482,0.02992340654987217
2023-01-23,-0.003686473543037322,-0.01288145477319833,0.02129809374792153,-0.011612310794737282,0.03702019427093872
2023-01-24,0.014058517426785383,-0.009258228162914052,0.043646164265310074,-0.011614298460066768,0.01534190744018614
2023-01-25,0.006485851608129839,0.026534825787975964,0.031730223934537054,0.0011400829813153325,-0.014568357406923669
2023-01-26,0.009699442858782329,-0.013054307395042122,0.04076774495053246,0.003230706621654749,-0.006806431026242173
2023-01-27,0.0041936061172981685,-0.02644252579059393,-0.01893228077021303,0.024508278158888508,-0.012637885579427915
2023-01-30,-0.020438219653638793,0.011233055050545724,0.02421408309325994,0.014879066213301335,0.020420953716116328
2023-01-31,-0.014635901771389214,-0.027936213334836875,0.030526673039109737,-0.005953596776842715,-0.004516660329100947
2023-02-01,0.02706388283698116,0.0116246001880132,0.009617755441632153,0.04380004689802168,-0.01237036460760286
2023-02-02,0.019056802561624744,0.00164026249794169,0.005871845577265139,0.031069368528250634,0.010656715125792476
2023-02-03,0.01126592158099266,0.021950146746196046,-0.006799054590857707,-0.016284193346780128,-0.020396183880420672
2023-02-06,-0.038827131787520036,0.041624142598806445,-0.021564167314433662,-0.003925072471715439,-0.0050362659977784136
2023-02-07,0.006648133956182014,0.016814744250785937,0.017709469767194907,-0.011161548771378768,-0.00284243427572823
2023-02-08,0.0061515990097659925,-0.004473822523670942,0.032646911520399856,0.010319499032765028,0.01519755572099635
2023-02-09,0.013757625373348254,0.0239694771497065,0.00412043117407414,-0.025436638959116933,0.008493759035052832
2023-02-10,-0.012527137875836581,-0.010072333634995137,0.012227280375101866,0.025265661428672714,0.000925431534721233
2023-02-13,0.006676660251979275,0.03454429889270476,0.0053150635897713655,0.052533662283607896,0.011810192912630883
2023-02-14,-0.034715255183116356,0.015566832422090652,0.008123167697655555,0.026295055081654913,0.013963627025399168
2023-02-15,-0.0022691196796754765,-0.023985964725787314,-0.0036804651457205055,-0.016510409084186002,-0.011110468996094454
2023-02-16,0.012271568088412193,0.03389809008702813,0.008393430596459622,-0.023417661240703685,0.009392053364402814
2023-02-17,0.024432629732913023,-0.011695658086387645,-0.0021803433334583538,0.0007937638945839419,-0.0151979662616448
2023-02-20,0.013465608676877181,-0.0019189629721556314,0.008890648878140556,-0.017249843556042,-0.008249166006468208
2023-02-21,0.014947627156555428,-0.006956663041835339,0.0350392770246681,-0.007492723712292046,0.004993694515037719
2023-02-22,0.019151816637461797,-0.027867314658660634,-0.034716176239615516,-0.030013126291401897,0.02575168206854364
2023-02-23,-0.010537162917848935,0.05166398571336505,-0.010784951973147772,0.0041910260639407395,0.03134219905135751
2023-02-24,0.04062185776318246,0.04173007153272796,0.02466732461186285,0.02098125051622925,0.012350538984023662
2023-02-27,0.016067221523332755,-0.010523714326570668,-0.015863977668446144,0.00043251085178095896,-0.002903692450498569
2023-02-28,-0.008564560986545504,0.014427748949134307,0.019606104171410215,0.002268137725836947,0.030050601621105236
2023-03-01,-0.022333782282670103,-0.0033731891855943623,-0.013836446412056098,-0.0368307323414612,-0.001153613716853985
2023-03-02,-0.0019349501676656708,0.030768994864842622,0.013116233691095552,-0.019983736486584098,0.03758185132668377
2023-03-03,0.02492067391050706,0.012141954069372317,-0.004029681976996638,-0.018688784734469596,-0.00694413552142106
2023-03-06,0.02227497239408372,0.03819172611869218,0.03136487056544378,-0.009276988435725482,-0.021892348665780225
2023-03-07,0.003317724938224079,-0.03486878731125703,0.006963354283695629,-0.0024520517259733737,-0.008820730037364844
2023-03-08,-0.03139406134533591,0.010772002131394332,-0.010154016793238227,-0.022898336714205762,-0.05694524426563299
2023-03-09,-5.029810101272515e-05,0.035945031933394885,0.0337251842909574,-0.008641925131725436,-0.01154424120723561
2023-03-10,0.009875485121500476,-0.01946770878376583,0.006535837996389319,0.015821605567693804,0.025038664477686153
2023-03-13,-0.0015030815295990554,-0.0035734750035393173,-0.017059651735131222,-0.0160376070807972,-0.004029577838030535
2023-03-14,0.007847310136323562,0.018771692524664988,-0.015563579013606898,0.030353771379190434,-0.004922472020851375
2023-03-15,7.265411303127684e-05,-0.014444233582956467,-0.047984805205458836,0.018180907927220994,0.015236877941848668
2023-03-16,-0.005126551142364268,0.0018398143444974383,0.010818784354081989,-0.030750917137730857,-0.010081053546925896
2023-03-17,0.016385293592436543,-0.024585788463384987,0.006371158643332585,-0.026631636092468103,0.009828599648670527
2023-03-20,-0.00021282964594967135,-0.031802636318110186,0.023794787089143427,-0.014191831535960984,-0.01570504874028762
2023-03-21,0.004511383944618858,0.023472746988574305,-0.01981643637956794,0.0017335969969594332,0.00907633000661146
2023-03-22,0.014362112145262881,0.004028831105544504,-0.006840556781666446,-0.016051804412974394,0.002222877660927495
2023-03-23,-0.020942780239712137,-0.05792700966989215,0.009231196083153356,0.018578696821723906,-0.04675864871083677
2023-03-24,-0.019694614094198752,0.012883085220103957,0.04164990939423398,0.0009158741535081579,-0.014060058824582689
2023-03-27,-0.0031579288220968033,0.027997528382963696,-0.012419283582490706,-0.015483840133005071,-0.009154870443640648
2023-03-28,-0.018566572165174246,0.0029534063198959105,0.03299356916939121,0.006961585462320582,-0.004547070042525752
2023-03-29,-0.005336225378310883,-0.030763816173933138,0.01816219554294318,-0.0010567439402560407,-0.003109598271812513
2023-03-30,0.06436215135689721,0.006475058167313724,-0.014535821001903686,-0.008027151924110866,0.023468914183935097
2023-03-31,0.002765408210755289,-0.028265559566347333,0.018884578691504072,-0.012862881710779879,0.03796595552435091
2023-04-03,0.022100961314292972,-0.008446437913175023,0.02612032723470226,0.0018571102105480659,0.01755547350244439
2023-04-04,0.010194656345889496,-0.01642713309981747,-0.01237099664634924,0.021099216351623224,-0.006195506642130817
2023-04-05,-0.0075729692648399335,-0.01860245158698706,0.008971981311869222,0.0417504983848629,-0.020850658285085456
2023-04-06,0.0009843891334551614,0.028744411108308585,-0.001092827824914303,0.009547435924994678,-0.020747870562937594
2023-04-07,0.009066141944152973,-0.0032428853000909755,0.02021459991359726,0.024247721031295025,0.05229127284037228
2023-04-10,0.012092663464271514,0.00701592633164333,0.00438768603154672,-0.006563325856213767,0.007269676869233823
2023-04-11,-0.005408028202780588,0.003869219525392286,0.026851950712159196,-0.019630851305592823,0.023297571222580908
2023-04-12,0.026842301346797305,-0.0018613705398215748,-0.041937097980171895,-0.011656439741888649,0.026439890931222187
2023-04-13,4.263875402235758e-05,-0.019486044645898214,-0.009595498424564348,0.01731240053009106,0.011434671364027586
2023-04-14,-0.004278641983393887,-0.006836488236293752,-0.007335162980876438,-0.01794820368997005,0.032807513789388836
2023-04-17,-0.005946409384226798,0.024843170416509932,0.03092632103844903,0.020466217962959207,-0.008132406254360968
2023-04-18,0.00857460180673219,1.6087872181676677e-05,-0.017574037214602562,0.006987185634432061,-0.02308079582319605
2023-04-19,0.024253587769231276,-0.008792345945967861,0.004523193117456786,0.006165757430922843,-0.004678099474081546
2023-04-20,0.012233876029505495,-0.008998073132450489,0.017925945949144883,-0.026419593604934972,0.0030275915909282365
2023-04-21,0.0392785799811657,-0.019506626492111493,-0.01305489941049703,0.0107781569931783,0.004091635638791959
2023-04-24,0.0075126019854711845,0.010283742602953271,0.013194429371235399,0.022693996839124465,0.008696373138570251
2023-04-25,-0.004325153092370849,0.013951474024054627,0.03849763869790431,-0.002152674927651471,-0.01899058609341283
2023-04-26,0.022641613385739456,-0.001907623279071965,-0.04295339092028072,0.017448433543008433,-0.010206563719078455
2023-04-27,-0.0013106656460832155,0.007139606611380292,0.004309993595581328,0.01468903634278079,-0.008209727411396866
2023-04-28,0.010762115963521654,-0.004690933551678343,0.01527620961775006,0.012807349680261069,-0.01820877404089191
2023-05-01,0.022219642323500648,-0.01021926890228096,0.0166611559656229,0.007845746268026813,0.03726367353590245
2023-05-02,-0.003969319647437042,-0.00648633592236395,0.0001116078822453478,-0.005563595656685509,0.016498838038841
2023-05-03,-0.03182621216873176,-0.020573648382927082,-0.020856058431583863,0.019506151839471516,0.03471226745163851
2023-05-04,-0.0015889843707494297,-0.0028764344638002124,0.0019010432622636277,0.02373756605216381,-0.018047062683811482
2023-05-05,0.005267379654695703,0.020003952595648595,0.010521883398796906,0.004291632331974868,0.020520921851342824
2023-05-08,-0.053564645859984744,0.014057506390618153,-0.012581513662548477,-0.03611265793712914,0.010724051990499615
2023-05-09,0.027973170903259154,-0.0022489702925538374,0.01955749094405878,0.03274556515977291,0.02679828907168095
2023-05-10,0.03329929058742786,0.015342549821437845,0.002008672778031856,-0.03153931623794337,-0.004421249762598972
2023-05-11,-0.016364931906323835,0.04391885434995628,-0.0030177162486467323,0.0029640961356897136,0.011529707520809352
2023-05-12,0.0013720489274490744,0.03440102080861506,-0.011952987234689039,0.004392149104744855,-0.014349411713960964
2023-05-15,-0.025900450224414118,-0.011735381818105708,-0.00024073594096824045,-0.008086044490345199,-0.01334841959747712
2023-05-16,-0.027626349273436678,-0.0011621114525738954,-0.029594407480620043,0.01570111927379205,0.002148795058690066
2023-05-17,-0.02865102998929861,-0.0056841815409972695,-0.014543128111811663,0.006883490208383608,0.027309008920462893
2023-05-18,-0.03700344939291489,0.0028005215829483435,-0.002702655911332808,0.013926801529009315,0.004763932564753782
2023-05-19,-0.014539386634776382,-0.005881078713332363,-0.015420517136069782,0.02202014277197197,0.0009262329734388444
2023-05-22,0.03852381371506015,-0.0007132162762924154,-0.013668135338209255,-0.029774287852256543,-0.0355627935251189
2023-05-23,-0.031182718860109794,0.005842533020229669,0.010674500464598677,-0.03112381404064267,0.01840076628152231
2023-05-24,-0.009161221033668789,0.0034358602397109874,0.03274441256510849,0.01843678631731064,-0.004870612958116647
2023-05-25,-0.01732384450830575,-0.042536308026586096,-0.013883066384848403,-0.0037226047765538885,-0.01924359054302368
2023-05-26,-0.0021251393418460947,0.0020370376591753643,-0.003997119636161572,-0.012500051616469195,0.0038730934393345537
2023-05-29,0.009338812991388182,-0.021307981548856922,0.0287186475949254,-0.0014717626456852346,0.0008769924588969533
2023-05-30,0.014664288465131143,0.005164322625270033,0.019562732678264902,0.0062424833040364835,-0.011748747492808758
2023-05-31,0.007730070504122033,-0.022374524146413236,0.002671194115530463,-0.00016459981288921598,-0.003662337145450794
2023-06-01,-0.002070750228778615,-0.03713698090995278,-0.010474498154819229,0.002356898022822294,0.0036971278399480076
2023-06-02,-0.020053502818519163,0.025814156817294015,-0.016823496964290016,0.019889144010534737,0.009043887237433698
2023-06-05,-0.01242454619687606,0.03600621785219024,-0.0233727366351296,0.01888308347220003,0.020511646360859566
2023-06-06,-0.012912404181532897,0.028349306001286576,-0.004500930291979056,0.00627387258559714,0.005706436775424414
2023-06-07,-0.002186174829410956,0.016716165463195643,0.01636977441104426,-0.034470639464763614,0.02658680485756305
2023-06-08,-0.03274983976071349,0.021150924086833146,0.023034102736551668,-0.021319328604303963,-0.0077162857590916956
2023-06-09,-0.021614093369718715,-0.0037984206057747063,-0.005660685683714825,0.016093210645386796,0.02670617492239217
2023-06-12,0.028413676215799124,-0.010743360531566042,-0.0036844374748905557,-0.033168763844419004,-0.015617401329923775
2023-06-13,0.01979703266194915,0.03281165647096464,-0.024186977437598442,-0.011349285183057885,-2.8115139178540652e-05
2023-06-14,0.006103223176392137,-0.01569207039843292,0.008981220889281796,-0.008976786941418322,0.00021095458243441793
2023-06-15,0.011425684960073993,0.0006284453962187563,-0.008227717810531372,-0.0016921960785166168,-0.0012672591841067064
2023-06-16,-0.006900220597642554,-0.004675921253342048,0.03247294341009434,0.011718388958824775,-0.0054096063605832065
2023-06-19,0.014439088090214713,-0.0061763897951202,0.023962492751732827,0.007892843843961878,-0.0016460428800845776
2023-06-20,0.009454338516205554,-0.030917523041369986,-0.022035349378196106,-0.02337850012798111,0.003358861895274135
2023-06-21,0.03515029998970184,0.045126002923852646,0.013261022028815144,0.01051688949888914,-0.03552115468305478
2023-06-22,-0.010353475994680434,-0.015255675038164777,-0.011916951965022321,-0.002862876371695792,-0.008941811553942547
2023-06-23,-0.03908599620751575,0.015458205122350677,-0.02095486051479613,0.0052849372822229915,0.04198165339499947
2023-06-26,-0.017887691831728468,-0.050105750454926594,-0.0052200844376022165,0.02251919269997142,0.03966694908441188
2023-06-27,-0.024090991889048338,0.010433984464730435,-0.008806209135601066,-0.0016189670860827132,0.0533868669403407
2023-06-28,-0.029559406567903065,0.0055747932298914685,0.009853863435308665,0.022215726498786944,0.002459663069417909
2023-06-29,0.006661010790082047,-0.0073329713484358225,0.005882538824902146,-0.00636384550994821,0.012931437797121017
2023-06-30,-0.006892206720872679,0.00804200787804373,-8.525627369956705e-05,0.023021005015443363,-0.0005278744717697249
2023-07-03,-0.034960649364137626,0.025738430014279834,-0.017614646017252378,-0.012575326772976396,-0.011413225880869841
2023-07-04,0.027988761863416346,-0.04221348427957391,0.06325497067319988,0.021621136181321037,0.004964778282583194
2023-07-05,-0.0005978800123257277,0.006211081497153138,0.010922448567586767,0.01340431171900114,0.01161208932006897
2023-07-06,0.002291613625104976,-0.0034467684061465216,-0.002525465673070234,-0.0033981656070536203,0.023175401937341293
2023-07-07,0.012371134445617238,-0.0583077726932856,0.01361801553059522,0.004394723894375497,0.00012582487108205167
2023-07-10,-0.007270369061777717,0.02298225439972027,0.019450529242457156,-0.014957553356472182,0.008641045742490703
2023-07-11,-0.01893313469082572,-0.02709236329577861,-0.012034344491799303,0.017747869447655176,0.019562500907521735
2023-07-12,0.01076170840194586,0.015001915736959944,0.010823565742299169,-0.012329631904459045,0.009138450893478813
2023-07-13,0.016508190504553648,0.015585826596271486,0.02427826742949286,0.014666076944021276,0.007528964150831659
2023-07-14,0.02190300476632855,-3.0425184981201303e-05,-0.017137493024554355,-0.0027613392788752777,-0.014398052896128982
2023-07-17,-0.01300356549948763,-0.0023903734143103567,-0.015348398419999226,-0.005659230592780805,-0.03737229333907571
2023-07-18,0.004765874147458771,0.0005241095072444847,-0.01584177262136381,0.013684913368648102,0.01925140275253117
2023-07-19,-0.03165119728737948,-0.014754495571324284,-0.014882846995745965,-0.01829806202217729,0.01708949683863497
2023-07-20,-0.0033765227754560707,-0.004790296826212216,-0.03957724728813507,0.013208360604184528,-0.02428516789706945
2023-07-21,0.001698652605326565,0.006047538759163834,0.02771317191677302,-0.025676407982382243,-0.059890243116416504
2023-07-24,0.004176990895073897,0.036510223630217074,0.025278927058788748,0.004693188305492516,-0.009332723712640947
2023-07-25,0.01664245193274621,-0.018970923994089374,0.010027155387124386,0.010609403183332538,0.021704198149977597
2023-07-26,0.055693200778221555,0.008348319343575342,-0.009679272514149975,-1.1486243839888715e-05,-0.034881518097782366
2023-07-27,-0.013394262621781164,-0.00768564876226208,-0.009981767958691849,0.00354709744067444,-0.01594839864764401
2023-07-28,0.02292061334648943,0.0005041412983639419,0.00031399357722771163,-0.0060578943302583566,0.003603813677179583
2023-07-31,0.017001965293352694,-0.016842604314218006,-0.012662329781505133,-0.005574520575533294,-0.0264174184694643
2023-08-01,-0.015885157194429955,-0.00902441747089318,0.01798778361425455,0.0057512265800385,0.004371798227350888
2023-08-02,0.017517959243359443,-0.002247435767987933,0.008309296998577792,-0.0015644350586499246,0.005807246987992568
2023-08-03,-0.011155173152231641,-0.04827634316552858,-0.0021855832437260828,0.028954962721998802,0.019024308044831847
2023-08-04,0.019807949691823416,0.02522261443612436,0.002273151819228749,0.0044463141481119114,-0.011853037908687003
2023-08-07,-0.005821457120540996,0.012815422995422833,0.024577688743376326,-0.002288925513619991,-0.008503785297028232
2023-08-08,0.0005105591771319459,0.012524134978582298,-0.028377096322670835,-0.045423619062744766,-0.010510736989831671
2023-08-09,-0.023914248518283172,-0.009662803952946218,-0.0024556063763494307,-0.008564968180460267,0.02954935068941491
2023-08-10,0.0070348952920464,0.006509487192216567,0.012944142880868039,-0.022276662355615384,0.021282235748405372
2023-08-11,-0.0010152857307091977,0.013909612344824253,-0.020937144660803108,-0.030575175320321286,0.016857793160500574
2023-08-14,0.008028190521950333,-0.01754103108715021,-0.01689326162549389,0.02300869568829539,-0.023288237857346558
2023-08-15,0.033353459065119266,-0.017512414692957376,0.01326783851216766,-0.006072369514979692,0.012563748621646862
2023-08-16,-0.01038228004228385,-0.0027558581214458845,0.0013183835079144226,-0.019543749115629453,0.015316486908402519
2023-08-17,-0.009764271329431704,-0.004071998306800372,-0.019386987492170243,-0.05074667317590621,-0.00332055525200338
2023-08-18,0.04875230843225832,0.016192085757960478,0.00011479240531210718,-0.004757816584165353,0.0009493178562409276
2023-08-21,0.0114423823035042,-0.023116256306176898,0.022786433893377443,0.014807626308824881,0.01486371451415869
2023-08-22,0.009269514776194546,0.0008923331538797982,0.013957224719336398,0.01233628267482756,-0.006580814218820476
2023-08-23,-0.010972035457938019,0.0025371259052397338,0.03148040302990374,-0.024282141513078018,-0.0288505053150488
2023-08-24,0.003795216824730335,0.0015177540371203613,0.0039668332874081644,0.005379063958170005,-0.003964045092696102
2023-08-25,0.030297268772041645,-0.03151807956953031,-0.01606994049560492,-0.0015650952029809479,-0.03236377622308335
2023-08-28,-0.0030170880886414234,0.03372940331456036,0.0009177297659192357,0.00511401811437367,-0.024703295303451604
2023-08-29,-0.011827228160789549,-0.0070039276064787406,-0.005854301935124682,0.026132875900075375,0.011653821214502492
2023-08-30,-0.02172915913874064,0.005430095568640098,0.010464434969935703,0.023302980770425332,0.03211081373136747
2023-08-31,-0.01980188383655737,-0.015717150224206763,-0.024651557178292326,-0.004180397182139627,0.00982716748892669
2023-09-01,0.020246690331782037,-0.0010190204728504552,-0.005896950465096879,0.0035351598449748075,-0.01620285803260046
2023-09-04,0.04229077443389547,-0.03165322054236117,0.004194811577914489,0.04097212438459279,0.0006359968911999554
2023-09-05,-0.003300780700029889,-0.006648908456208543,-0.0031078336352481565,0.027956969493530603,-0.04373723822659014
2023-09-06,0.03116867402592651,-0.0279791430490029,-0.004833046584688297,-0.008084888405973236,0.012271065395414395
2023-09-07,-0.03146248703767495,0.009743453321638857,0.04098619246573705,-0.02676348009185621,0.004294123352207913
2023-09-08,-0.01273964355593218,0.009017744123860716,0.0008829555483150412,-0.012329738180886191,0.01025744569742148
2023-09-11,0.036586962195734866,-0.0033180758345459738,0.014895158842963638,-0.025365459157423276,-0.018628727536360176
2023-09-12,0.009948125557607547,0.0301823205707193,0.007612266975713199,-0.005761160610463088,0.00048582810846708167
2023-09-13,-0.02450815467939435,0.012590306527107336,0.018146661246468184,-0.008541806656661608,-0.008900842955190029
2023-09-14,0.0058175645930409695,-0.00823439472081191,-0.0008226522925164491,0.04249443578333031,-0.004440514014919933
2023-09-15,-0.006666803040424444,-0.012450836112703183,0.015383839429998736,-0.00312448346436206,-0.01248746076642852
2023-09-18,0.026926080645460242,0.028892060090272745,-0.011508471314774102,-0.03683079902721233,0.020650273796738443
2023-09-19,-0.01319259651520008,0.016312511983255375,-0.03890207635423671,0.018351946765986185,-0.023723438585615625
2023-09-20,0.01511528238133049,0.0007854613567286821,-0.018578788387932896,-0.00764072625853561,0.014226369139134016
2023-09-21,0.002617889062304685,0.012188259609449685,0.04002881169030971,-0.03078483223422103,0.03284425149937248
2023-09-22,0.0025871187504642587,-0.017475680966462563,-0.026106272514779795,-0.00328240781554067,0.018933002238489188
2023-09-25,-0.0020509824075506844,0.03072309860494695,-0.02852351380103118,0.0002582210430789088,-0.02454786888826238
2023-09-26,0.007772637652499357,0.018237747801946008,-0.007915235873621066,-0.05158427713254268,0.00447896293592989
2023-09-27,0.009234771034670191,0.008585895099233954,0.025215643836443084,-0.02092107359298098,0.014104322109008988
2023-09-28,0.0243501502495595,-0.03507175168013034,0.006893036518379544,-0.00958359662015343,-0.0011304534620329178
2023-09-29,0.007453529670766727,-0.009244571282271045,-0.013014161583232237,0.001183048349760492,-0.021244918777256053
2023-10-02,-0.02121650257770371,0.014087465659130067,-0.02247588070317312,0.013826250018184239,0.009751825857079024
2023-10-03,-0.034016134575811936,-0.013051293046713102,0.02438218806094745,-0.019123310622793634,-0.008788085246187752
2023-10-04,0.00974121786503793,0.016167810185651908,-0.0045307777208899135,-0.011450203893832831,0.028947397233970155
2023-10-05,0.03527799327595158,0.02007716101563591,0.0022063628513004814,-0.015665314432818527,-0.016108888131131305
2023-10-06,0.01095028210531515,0.008867964417773676,0.028531971858928588,0.013509001850722784,-0.02956160603519636
2023-10-09,0.021538952354458372,-0.01946121254628826,-0.007179425439047033,0.005504004125033889,0.04041334979567929
2023-10-10,0.06269837112010722,0.012634461182723655,-0.0031639323744077573,0.011190112969611006,0.01825310851747672
2023-10-11,-0.005913352511143834,0.036404227118246445,0.005101415183828041,0.010454861781827886,0.013818485041089228
2023-10-12,0.008931732212289115,0.017278810009392246,-0.011845063730938464,-0.01066603507892061,-0.0215030846594339
2023-10-13,0.009290024612404529,0.01607873007024228,0.009655457323037716,0.03398984866695075,0.0003880796234190689
2023-10-16,0.013874833111850254,-0.021334017522786287,-0.007241994049488021,0.014410755151315551,0.01748204221486288
2023-10-17,-0.005379338953283646,-0.0009319850371613365,-0.02985747493361619,-0.006640584016132187,0.018307663270395725
2023-10-18,0.012004100322131325,0.010513314427624194,0.0014954737436192016,0.000641263172563529,-0.012706422789468942
2023-10-19,0.014476568404050696,0.008919458887787796,0.010340376959855986,-0.010020696853351607,-0.04256685839742489
2023-10-20,0.022443054235073916,-0.009076749120168082,-0.016755515280862412,0.014369578238279874,-0.007340252798382591
2023-10-23,0.021698727680932436,0.012840118991533951,0.014171386464009552,-0.026819114224010687,0.02473887970772801
2023-10-24,0.005725010624677122,-0.006885542784924063,0.0033677693468450215,-0.0350247046579664,0.008673056229613417
2023-10-25,-0.02008743016364143,-0.02655340571687069,-0.029947183724357822,0.022753767499798506,-0.012085267873855774
2023-10-26,0.031174554198329985,-0.010216029261045955,-0.03364715915185894,-0.02183048879897318,0.025216232400138774
2023-10-27,-0.0026179635587333504,-0.010465745929812018,0.003700364517055754,0.0105356547233509,0.022847976318049218
2023-10-30,0.029469984597858524,-0.006695372915781714,-0.026020953721640764,-0.00776930322246552,0.005705610131657723
2023-10-31,-0.01877517852421222,-0.018643018297900858,0.007375757630997709,-0.00047304703140902294,0.0011559399082317302
2023-11-01,-0.01466990669400139,-0.004108014284115346,-0.017984662885366088,0.018303968222495737,0.021204986694475052
2023-11-02,-0.03642375724476188,-0.0180902172038482,-0.02943058510180158,-0.012500478688137964,-0.0011687593958072172
2023-11-03,-0.028492904393970602,-0.017937196262506262,-0.01957914744162997,0.004645346587978879,0.0018868867407250086
2023-11-06,-0.013934751066745067,0.0040364174427879596,-0.010433601691745308,-0.004933102206521066,0.03396904180597074
2023-11-07,0.02730922103580696,-0.025491624738551953,0.01709464835758349,0.01672793108983184,-0.022465265775052364
2023-11-08,0.016875552875097212,0.03125863836825105,-0.021950896124888278,-0.01785005642028527,0.02085322933687005
2023-11-09,0.005929906216512959,0.011529525504790465,0.007311784328009935,0.008313918418562884,-0.02602944256622166
2023-11-10,0.021446354132428968,0.02389179984855547,-0.004087814881360556,-0.0003695389962772486,-0.030122150051114443
2023-11-13,0.010785095120356698,0.011941148834282883,-0.00074382033998622,0.022987067197410053,-0.00618154461959881
2023-11-14,0.011792118517872006,-0.019893286773842313,2.8956982515237584e-05,-0.002987085158056717,0.005006158440818831
2023-11-15,-0.006890538576667172,-0.002129451913433356,0.017020943428830128,-0.008235284744764348,-0.031631542014773584
2023-11-16,0.03549167808410841,0.028129081573809733,-0.025345253902112373,0.014294156104903888,-0.009559495411026861
2023-11-17,0.005769744306621192,0.006384482580269874,-0.0041881560063264395,-0.015175313311727931,-0.013310821046325187
2023-11-20,-0.017823838309624848,-0.016136444164608896,-0.0008435658009871051,-0.013815199782215036,0.014141041314252398
2023-11-21,0.030244923106718547,-0.01110106482740086,0.005288090010707541,0.010493702206058678,0.009940045418385487
2023-11-22,0.0020191053583217483,0.015353648367194448,0.010144979053613145,-0.024253248446545958,0.017883121287785464
2023-11-23,0.018245816745334844,-0.01476572208357163,0.0012587567089520405,0.01416657985622139,-0.0036862763915872314
2023-11-24,0.021959560955320236,0.04777744989238722,-0.015219720652699647,-0.027120892063075497,0.006576371912097515
2023-11-27,0.01493125010252287,-0.00411732747689538,0.029565213266420688,-0.026272115994464974,0.014358372460632223
2023-11-28,-0.011617216415177867,0.034887558124145936,0.040350307063362366,-0.014833131755666957,-0.010491142718171602
2023-11-29,0.01769175773959604,-0.007242612995790293,-0.0004082243586447644,0.0010077684108482036,-0.03789346312395313
2023-11-30,0.000223245078115255,-0.013294555481283476,-0.00936245644799544,0.029372640069376284,-0.024630137885585126
2023-12-01,0.016764103734959547,-0.00507925860663617,-0.005095203369916689,0.016307437921034226,0.007301025891377809
2023-12-04,0.01191225994439062,0.019863693210657223,-0.006126167663666455,-0.011744734690155006,-0.02120301053115596
2023-12-05,-0.016008210599579104,0.05948188850617451,0.025393591614735735,-0.026521487324160428,-0.0259491591348714
2023-12-06,0.01013732123436983,0.01144529594755934,0.011477676706347289,-0.004599115871073957,-0.0020090852000580043
2023-12-07,0.007057590483187147,0.0022178601258666083,-0.0438860074549507,-0.004095992611503877,-0.016528128685206273
